{
  "id": "tamirban-env",
  "name": "TamirBan Environment",
  "values": [
    {
      "key": "baseUrl",
      "value": "http://localhost:3000",
      "type": "default",
      "enabled": true
    },
    {
      "key": "accessToken",
      "value": "",
      "type": "secret",
      "enabled": true
    },
    {
      "key": "refreshToken",
      "value": "",
      "type": "secret",
      "enabled": true
    },
    {
      "key": "customerId",
      "value": "",
      "type": "default",
      "enabled": true
    },
    {
      "key": "testPhone",
      "value": "09123456789",
      "type": "default",
      "enabled": true
    }
  ],
  "_postman_variable_scope": "environment"
}

