{
  "id": "placeholder-env-id",
  "name": "TamirBan CRM",
  "values": [
    { "key": "baseUrl", "value": "http://localhost:3000", "type": "text", "enabled": true },
    { "key": "accessToken", "value": "", "type": "text", "enabled": true },
    { "key": "refreshToken", "value": "", "type": "text", "enabled": true },
    { "key": "testPhone", "value": "09123456789", "type": "text", "enabled": true }
  ],
  "_postman_variable_scope": "environment",
  "_postman_exported_at": "2025-11-28T00:00:00.000Z",
  "_postman_exported_using": "Postman/placeholder"
}

