{
  "info": {
    "name": "TamirBan API",
    "description": "Collection کامل API های پروژه تعمیربان",
    "schema": "https://schema.getpostman.com/json/collection/v2.1.0/collection.json"
  },
  "item": [
    {
      "name": "Authentication",
      "item": [
        {
          "name": "Request OTP",
          "request": {
            "method": "POST",
            "header": [
              {
                "key": "Content-Type",
                "value": "application/json"
              }
            ],
            "body": {
              "mode": "raw",
              "raw": "{\n  \"phone\": \"09123456789\"\n}"
            },
            "url": {
              "raw": "{{baseUrl}}/api/auth/otp/request",
              "host": ["{{baseUrl}}"],
              "path": ["api", "auth", "otp", "request"]
            }
          },
          "event": [
            {
              "listen": "test",
              "script": {
                "exec": [
                  "pm.test(\"Status code is 200\", function () {",
                  "    pm.response.to.have.status(200);",
                  "});",
                  "",
                  "pm.test(\"Response has success field\", function () {",
                  "    var jsonData = pm.response.json();",
                  "    pm.expect(jsonData).to.have.property('success');",
                  "    pm.expect(jsonData.success).to.be.true;",
                  "});"
                ]
              }
            }
          ]
        },
        {
          "name": "Verify OTP",
          "request": {
            "method": "POST",
            "header": [
              {
                "key": "Content-Type",
                "value": "application/json"
              }
            ],
            "body": {
              "mode": "raw",
              "raw": "{\n  \"phone\": \"09123456789\",\n  \"code\": \"0000\"\n}"
            },
            "url": {
              "raw": "{{baseUrl}}/api/auth/otp/verify",
              "host": ["{{baseUrl}}"],
              "path": ["api", "auth", "otp", "verify"]
            }
          },
          "event": [
            {
              "listen": "test",
              "script": {
                "exec": [
                  "pm.test(\"Status code is 200\", function () {",
                  "    pm.response.to.have.status(200);",
                  "});",
                  "",
                  "pm.test(\"Save tokens\", function () {",
                  "    var jsonData = pm.response.json();",
                  "    if (jsonData.success && jsonData.data) {",
                  "        pm.environment.set(\"accessToken\", jsonData.data.accessToken);",
                  "        pm.environment.set(\"refreshToken\", jsonData.data.refreshToken);",
                  "    }",
                  "});"
                ]
              }
            }
          ]
        },
        {
          "name": "Refresh Token",
          "request": {
            "method": "POST",
            "header": [
              {
                "key": "Content-Type",
                "value": "application/json"
              }
            ],
            "body": {
              "mode": "raw",
              "raw": "{\n  \"refreshToken\": \"{{refreshToken}}\"\n}"
            },
            "url": {
              "raw": "{{baseUrl}}/api/auth/refresh",
              "host": ["{{baseUrl}}"],
              "path": ["api", "auth", "refresh"]
            }
          }
        },
        {
          "name": "Logout",
          "request": {
            "method": "POST",
            "header": [
              {
                "key": "Content-Type",
                "value": "application/json"
              },
              {
                "key": "Authorization",
                "value": "Bearer {{accessToken}}"
              }
            ],
            "body": {
              "mode": "raw",
              "raw": "{\n  \"refreshToken\": \"{{refreshToken}}\"\n}"
            },
            "url": {
              "raw": "{{baseUrl}}/api/auth/logout",
              "host": ["{{baseUrl}}"],
              "path": ["api", "auth", "logout"]
            }
          }
        }
      ]
    },
    {
      "name": "Customers",
      "item": [
        {
          "name": "List Customers",
          "request": {
            "method": "GET",
            "header": [
              {
                "key": "Authorization",
                "value": "Bearer {{accessToken}}"
              }
            ],
            "url": {
              "raw": "{{baseUrl}}/api/customers?page=1&limit=20",
              "host": ["{{baseUrl}}"],
              "path": ["api", "customers"],
              "query": [
                {
                  "key": "page",
                  "value": "1"
                },
                {
                  "key": "limit",
                  "value": "20"
                }
              ]
            }
          }
        },
        {
          "name": "List Customers - Filter by Status",
          "request": {
            "method": "GET",
            "header": [
              {
                "key": "Authorization",
                "value": "Bearer {{accessToken}}"
              }
            ],
            "url": {
              "raw": "{{baseUrl}}/api/customers?status=ACTIVE",
              "host": ["{{baseUrl}}"],
              "path": ["api", "customers"],
              "query": [
                {
                  "key": "status",
                  "value": "ACTIVE"
                }
              ]
            }
          }
        },
        {
          "name": "List Customers - Search",
          "request": {
            "method": "GET",
            "header": [
              {
                "key": "Authorization",
                "value": "Bearer {{accessToken}}"
              }
            ],
            "url": {
              "raw": "{{baseUrl}}/api/customers?search=تست",
              "host": ["{{baseUrl}}"],
              "path": ["api", "customers"],
              "query": [
                {
                  "key": "search",
                  "value": "تست"
                }
              ]
            }
          }
        },
        {
          "name": "Get Customer Detail",
          "request": {
            "method": "GET",
            "header": [
              {
                "key": "Authorization",
                "value": "Bearer {{accessToken}}"
              }
            ],
            "url": {
              "raw": "{{baseUrl}}/api/customers/{{customerId}}",
              "host": ["{{baseUrl}}"],
              "path": ["api", "customers", "{{customerId}}"]
            }
          }
        },
        {
          "name": "Create Customer",
          "request": {
            "method": "POST",
            "header": [
              {
                "key": "Content-Type",
                "value": "application/json"
              },
              {
                "key": "Authorization",
                "value": "Bearer {{accessToken}}"
              }
            ],
            "body": {
              "mode": "raw",
              "raw": "{\n  \"displayName\": \"شرکت تست\",\n  \"phone\": \"09123456789\",\n  \"city\": \"تهران\",\n  \"status\": \"ACTIVE\",\n  \"tags\": [\"VIP\", \"مهم\"]\n}"
            },
            "url": {
              "raw": "{{baseUrl}}/api/customers",
              "host": ["{{baseUrl}}"],
              "path": ["api", "customers"]
            }
          },
          "event": [
            {
              "listen": "test",
              "script": {
                "exec": [
                  "pm.test(\"Status code is 201\", function () {",
                  "    pm.response.to.have.status(201);",
                  "});",
                  "",
                  "pm.test(\"Save customer ID\", function () {",
                  "    var jsonData = pm.response.json();",
                  "    if (jsonData.success && jsonData.data) {",
                  "        pm.environment.set(\"customerId\", jsonData.data.id);",
                  "    }",
                  "});"
                ]
              }
            }
          ]
        },
        {
          "name": "Update Customer",
          "request": {
            "method": "PATCH",
            "header": [
              {
                "key": "Content-Type",
                "value": "application/json"
              },
              {
                "key": "Authorization",
                "value": "Bearer {{accessToken}}"
              }
            ],
            "body": {
              "mode": "raw",
              "raw": "{\n  \"displayName\": \"شرکت تست - ویرایش شده\",\n  \"status\": \"LOYAL\"\n}"
            },
            "url": {
              "raw": "{{baseUrl}}/api/customers/{{customerId}}",
              "host": ["{{baseUrl}}"],
              "path": ["api", "customers", "{{customerId}}"]
            }
          }
        },
        {
          "name": "Delete Customer",
          "request": {
            "method": "DELETE",
            "header": [
              {
                "key": "Authorization",
                "value": "Bearer {{accessToken}}"
              }
            ],
            "url": {
              "raw": "{{baseUrl}}/api/customers/{{customerId}}",
              "host": ["{{baseUrl}}"],
              "path": ["api", "customers", "{{customerId}}"]
            }
          }
        }
      ]
    }
  ],
  "variable": [
    {
      "key": "baseUrl",
      "value": "http://localhost:3000",
      "type": "string"
    }
  ]
}

