[
  {
    "number": "INV-1043",
    "customer": "شرکت آریا موتور",
    "status": "SENT",
    "dueDate": "1404/09/10",
    "total": 45900000
  },
  {
    "number": "INV-1042",
    "customer": "نمایندگی پارسیان",
    "status": "PAID",
    "dueDate": "1404/09/02",
    "total": 21400000
  },
  {
    "number": "INV-1041",
    "customer": "فروشگاه اکسین",
    "status": "CANCELLED",
    "dueDate": "1404/08/29",
    "total": 18200000
  }
]

